date,n_stn_temp,n_stn_press,n_stn_wind,temp_q1,temp_q3,pressure_q1,pressure_q3,wind_q1,wind_q3
1/1/12,11,9,9,70.5,73,29.96,30,4.3,5.1
1/2/12,11,9,9,71,74,30.01,30.04,3.3,5.3
1/3/12,11,9,9,72,73.5,30.04,30.11,3.7,7.8
1/4/12,11,9,9,73,76,30.09,30.16,4.3,8.2
1/5/12,11,9,9,71,76.5,30.07,30.15,6.3,11.1
1/6/12,11,9,9,70,74.5,30.03,30.09,5.5,8.9
1/7/12,11,9,9,70,73,30.02,30.07,4.3,5.9
1/8/12,11,9,9,69,72,30,30.05,3.8,5.8
1/9/12,11,9,9,70.5,74,30.01,30.08,4.6,8
1/10/12,11,9,9,71.5,74.5,29.97,30.03,5.4,8.7
1/11/12,11,9,9,70.5,73.5,29.94,29.99,4.2,5.9
1/12/12,11,9,9,70,72.5,29.88,29.91,5,6.6
1/13/12,11,9,9,70.5,72,29.82,29.85,5.4,9.5
1/14/12,11,9,9,67.5,71,29.83,29.86,5,7.2
1/15/12,11,9,9,74.5,77,29.85,29.88,10.8,15.2
1/16/12,10,9,9,73.25,78,29.91,29.93,8.8,16
1/17/12,10,9,9,75,78,29.9,29.93,9,15.7
1/18/12,10,9,9,73.5,77,29.94,29.96,7,10.9
1/19/12,10,9,9,72.25,74,30.01,30.06,4.5,8.3
1/20/12,10,9,9,73,74,30.01,30.09,5.7,6.9
1/21/12,10,9,9,72.5,76,30.03,30.1,5.7,11.1
1/22/12,10,9,9,72.25,75,29.96,30.03,7.3,10.9
1/23/12,10,9,9,71,72.75,29.97,30.01,4.5,6
1/24/12,10,9,9,71,73.75,29.95,29.99,3.1,6.6
1/25/12,11,9,9,71.5,75.5,29.95,29.98,5.4,6.8
1/26/12,10,9,9,71,75,29.9,29.93,7.4,9
1/27/12,10,9,9,72,73,29.91,29.96,3.6,5.7
1/28/12,10,9,9,72.25,75.75,29.97,30.06,5.2,12.7
1/29/12,10,9,9,72.5,76,30.02,30.11,6.5,15.4
1/30/12,10,9,9,69.75,74,29.98,30.06,5.8,12.3
1/31/12,10,8,8,71.5,75,29.93,29.98,4.55,7.75
2/1/12,10,9,9,70,73.75,29.91,29.98,5.2,7.8
2/2/12,10,9,9,71,73,29.93,30.01,5.5,8.7
2/3/12,10,9,9,69.25,71,29.91,29.95,5,7.2
2/4/12,10,9,9,71,71.75,29.81,29.85,5.3,8.2
2/5/12,10,9,9,72,74.75,29.8,29.83,6.2,8.2
2/6/12,10,9,9,68.5,71.75,29.84,29.87,5,8
2/7/12,9,9,9,70,74,29.83,29.86,10.7,15.9
2/8/12,10,9,9,69.25,71.75,29.95,30.01,11.2,13.8
2/9/12,10,9,9,66.75,70.75,30.06,30.16,5.8,9.1
2/10/12,10,9,9,69.5,73,30.12,30.2,5.7,10.7
2/11/12,10,9,9,69.25,73.75,30.13,30.21,5.7,11.6
2/12/12,10,9,9,71.5,74,30.11,30.18,5.4,9.1
2/13/12,10,9,9,71.75,75.75,30.08,30.14,5,9.8
2/14/12,10,9,9,71,74,30.04,30.1,4.7,6.2
2/15/12,10,9,9,72,73.75,30.06,30.11,5.2,7
2/16/12,10,9,9,72,74.75,30.08,30.16,5,12.3
2/17/12,10,9,9,71,75,30.06,30.17,6.1,16.6
2/18/12,10,9,9,71.75,75.75,30.04,30.14,7.4,15.5
2/19/12,10,9,9,71,75.75,29.98,30.09,8,16
2/20/12,9,9,9,71,75,29.99,30.08,6.2,13.3
2/21/12,10,9,9,69.25,75.75,30.01,30.08,5.5,12.6
2/22/12,11,9,9,71,75.5,29.98,30.06,6,12
2/23/12,11,9,9,73.5,75.5,29.91,29.98,6,11.5
2/24/12,11,9,9,72,75,29.9,29.95,4.5,6.1
2/25/12,11,9,9,72,74.5,29.92,29.96,5.1,6.5
2/26/12,11,9,9,69,73.5,29.92,29.99,6.1,9.2
2/27/12,11,9,9,71,74,29.96,30.03,4.9,11.6
2/28/12,7,5,5,70.5,74.5,29.91,30.03,9.7,10.8
2/29/12,10,9,9,71.25,75,29.97,30.03,5.7,11.4
3/1/12,10,9,9,72.25,75.75,29.97,30.03,5.8,10.3
3/2/12,10,9,9,71,73,29.98,30.04,4.6,8.1
3/3/12,10,9,9,69.75,73,29.95,29.99,3.2,7.9
3/4/12,10,9,9,69.25,72,29.88,29.93,5.6,9.3
3/5/12,10,8,8,67.25,70.75,29.815,29.8725,4.675,7.65
3/6/12,10,9,9,70,72.75,29.88,29.9,7.5,12.9
3/7/12,11,9,9,70.5,74,29.93,30.02,8.2,12.5
3/8/12,11,9,9,68,73,29.93,30.02,8.6,15.9
3/9/12,10,9,9,69.25,72.5,29.9,30,6.3,10.8
3/10/12,11,9,9,70.5,76,29.96,30.06,8,18.1
3/11/12,11,9,9,72,75.5,30,30.09,7.4,16.7
3/12/12,11,9,9,70.5,74.5,29.99,30.09,6.9,15.5
3/13/12,10,9,9,71,74,29.95,30.05,6,13.7
3/14/12,11,9,9,72,74,29.96,30.04,5.2,12.6
3/15/12,10,9,9,70.5,74,30.01,30.09,7.1,13.9
3/16/12,11,9,9,72.5,75.5,30.06,30.14,6.6,15.1
3/17/12,11,9,9,73,75.5,30.05,30.12,6.6,12.4
3/18/12,10,9,9,71.5,74,29.99,30.07,5.8,11.4
3/19/12,11,9,9,73,75,29.96,30.02,6.1,8.5
3/20/12,11,9,9,71.5,74.5,29.97,30.03,6,7.5
3/21/12,11,9,9,72.5,74.5,29.98,30.06,5.6,12.2
3/22/12,11,9,9,72.5,75.5,29.95,30.05,7.5,15.5
3/23/12,11,9,9,71,75,29.95,30.03,7,16.1
3/24/12,11,9,9,71.5,75.5,29.98,30.06,7.8,15.9
3/25/12,11,9,9,71,75,29.96,30.06,6.1,14.7
3/26/12,10,9,9,68.25,74,29.97,30.06,6.1,12.2
3/27/12,11,9,9,69.5,73,29.96,30.06,6,12.1
3/28/12,11,9,9,70.5,73,29.97,30.05,6.2,10.8
3/29/12,11,9,9,70.5,73.5,29.98,30.06,5.5,10.6
3/30/12,11,9,9,71.5,74.5,29.98,30.08,7.8,16.1
3/31/12,11,9,9,71.5,75.5,29.99,30.08,7,15
4/1/12,11,9,9,71,74.5,30.03,30.08,4.7,7.3
4/2/12,11,9,9,72,75.5,29.99,30.03,4.9,7
4/3/12,11,9,9,73,75.5,29.96,30.01,5.7,7.8
4/4/12,10,9,9,71.25,76,29.94,29.99,5.4,8.4
4/5/12,9,9,9,74,75,29.93,29.99,4.3,11.6
4/6/12,9,9,9,73,76,29.96,30.02,5.5,12.4
4/7/12,11,9,9,72.5,76,30,30.08,5.8,14.1
4/8/12,11,9,9,72.5,74.5,30.01,30.11,8,12.4
4/9/12,11,9,9,71,73.5,30.01,30.11,6.2,13.5
4/10/12,11,9,9,68.5,73.5,30.01,30.09,6.3,12.7
4/11/12,10,9,9,71,74.75,30.02,30.08,5.7,8.9
4/12/12,11,9,9,71.5,74.5,30.04,30.09,5.3,6.8
4/13/12,11,9,9,72.5,75,30.06,30.11,4.4,5.5
4/14/12,11,9,9,72.5,75.5,30.06,30.12,5.5,7.7
4/15/12,11,9,9,72.5,76,30.03,30.12,4.9,12.9
4/16/12,11,9,9,73.5,76.5,30.02,30.11,6.4,15.6
4/17/12,11,9,9,74,77,30.01,30.11,6.9,16.9
4/18/12,11,9,9,72,76,30.01,30.1,7.3,16.6
4/19/12,11,9,9,72.5,77,30,30.09,6.9,13.8
4/20/12,11,9,9,72.5,76,29.96,30.05,5.9,11.4
4/21/12,11,9,9,73,75.5,29.92,30.01,7,11.7
4/22/12,10,9,9,72,75,29.93,30.03,5.8,13.3
4/23/12,11,9,9,70.5,74.5,29.98,30.09,6.9,16.1
4/24/12,11,9,9,72.5,75.5,30.02,30.11,7,15.5
4/25/12,10,9,9,71.5,75.75,29.99,30.07,7,10.9
4/26/12,11,9,9,73,76,29.98,30.04,5.1,8.1
4/27/12,11,9,9,73.5,75,30,30.06,6.4,8.2
4/28/12,10,9,9,73.25,76.75,30.01,30.08,5.8,11.3
4/29/12,10,9,9,73,76,30.02,30.1,6.8,14
4/30/12,11,9,9,74,76.5,30,30.09,7,16.9
5/1/12,11,9,9,73,77,29.99,30.08,6.2,14
5/2/12,11,9,9,73,76,29.96,30.05,6,13.1
5/3/12,11,9,9,72,75.5,29.98,30.06,6.3,14
5/4/12,11,9,9,73,75.5,29.97,30.06,6,13.2
5/5/12,11,9,9,74,76.5,29.97,30.06,6.8,14.1
5/6/12,11,9,9,72.5,76.5,29.98,30.06,6.5,14.9
5/7/12,11,9,9,75,77,30,30.09,6.4,15.5
5/8/12,11,9,9,74,76.5,30.03,30.11,6.7,14.2
5/9/12,11,9,9,72,76.5,29.98,30.08,6.3,13.8
5/10/12,11,9,9,73.5,75.5,29.96,30.03,5.8,12.7
5/11/12,11,9,9,72.5,76,29.93,30.01,5,10.5
5/12/12,11,9,9,72,75,29.95,30.01,5.4,9.2
5/13/12,10,9,9,69.5,73.75,29.95,30.01,5.4,7.3
5/14/12,11,9,9,71.5,73,29.93,29.98,4.8,6.3
5/15/12,11,9,9,71.5,75,29.94,29.98,4.6,6.8
5/16/12,11,9,9,73,77,29.96,30.03,6.9,9.1
5/17/12,11,9,9,74.5,77.5,29.99,30.06,6.7,11.7
5/18/12,10,9,9,75,77.75,30,30.06,5.9,10.4
5/19/12,11,9,9,74.5,77.5,29.97,30.04,6.2,12.7
5/20/12,11,9,9,75,77.5,29.98,30.04,6.1,12.6
5/21/12,10,9,9,74.25,77.75,30.01,30.08,6.6,12.3
5/22/12,11,9,9,76,78.5,30.01,30.09,7.9,15.2
5/23/12,11,9,9,74.5,78,29.98,30.07,8.2,17.1
5/24/12,11,9,9,76,78,29.99,30.08,7.1,16.5
5/25/12,11,9,9,77,79.5,29.96,30.05,6.4,16.7
5/26/12,11,9,9,75,79,29.96,30.06,8.1,17
5/27/12,11,9,9,75,78,29.96,30.06,8.1,18.1
5/28/12,11,9,9,75.5,77.5,29.99,30.09,8.1,19.1
5/29/12,11,9,9,74.5,78,30.01,30.11,6.7,15.5
5/30/12,11,9,9,74,77.5,30.01,30.1,6.2,15.9
5/31/12,11,9,9,73.5,77,30.02,30.11,6.6,14.1
6/1/12,10,9,9,73.5,78,30.02,30.11,6.6,15.8
6/2/12,11,9,9,74.5,77,30.01,30.11,7.5,14.7
6/3/12,11,9,9,75,78,29.98,30.08,7.5,15
6/4/12,11,9,9,74.5,77,29.97,30.04,5.4,14.5
6/5/12,11,9,9,75,77.5,29.98,30.05,5.3,14
6/6/12,11,9,9,75.5,78,29.97,30.05,5.4,13
6/7/12,11,9,9,75.5,77.5,29.98,30.04,6.1,11
6/8/12,10,9,9,76.25,79.75,29.96,30.03,5.2,14.2
6/9/12,10,9,9,73.25,78,29.93,29.99,6.2,12.8
6/10/12,10,9,9,75.25,78,29.93,29.99,6.3,12.7
6/11/12,10,9,9,75,77.75,29.95,30.01,5.5,10.4
6/12/12,11,9,9,75.5,77,29.95,30,6.6,8.6
6/13/12,11,9,9,74.5,78,29.95,29.99,5,6.1
6/14/12,11,9,9,74.5,77.5,29.96,30.01,6.1,7.1
6/15/12,11,9,9,75,78,29.99,30.06,5.7,8.6
6/16/12,10,9,9,74.25,78,29.99,30.07,6,13.9
6/17/12,10,9,9,74.75,80,30.01,30.11,6.8,16.4
6/18/12,11,9,9,74,79,29.98,30.07,8.7,17.3
6/19/12,11,9,9,74.5,78.5,29.88,29.96,6.4,13.4
6/20/12,11,9,9,74.5,78,29.91,29.97,5.3,13
6/21/12,11,9,9,76,78,29.94,30.01,5.6,12.8
6/22/12,11,9,9,75.5,79,29.96,30.04,5.1,12.8
6/23/12,10,9,9,75.25,79,29.96,30.05,5.9,15
6/24/12,10,9,9,76,79,29.98,30.07,6.8,17.2
6/25/12,10,9,9,74.25,78,30.03,30.12,8.4,15.2
6/26/12,10,9,9,74.5,77.75,30,30.09,7.9,13.6
6/27/12,11,9,9,74.5,77.5,29.95,30.03,7.7,14.5
6/28/12,11,9,9,74.5,78,29.96,30.04,5.9,13.8
6/29/12,10,9,9,75.5,78.75,30,30.09,6.6,15.4
6/30/12,11,9,9,76.5,78,29.95,30.03,5.2,12
7/1/12,11,9,9,75,78,29.91,29.97,5.1,11.3
7/2/12,11,9,9,74.5,78,29.93,30,6.9,13.6
7/3/12,11,9,9,74.5,78,29.96,30.04,5.5,11.5
7/4/12,11,9,9,75,78,29.92,29.99,5.5,12.9
7/5/12,11,9,9,76,78.5,29.9,29.98,6.3,16
7/6/12,10,9,9,76.25,79,29.93,30.01,5.8,15
7/7/12,11,9,9,75,78,29.93,30.03,6.7,16.5
7/8/12,11,9,9,75.5,78.5,29.94,30.03,6.9,16.2
7/9/12,11,9,9,76,78.5,29.95,30.04,5.8,14.4
7/10/12,11,9,9,74,78.5,29.95,30.03,5.6,14.1
7/11/12,11,9,9,75,78,29.95,30.02,5.5,13.5
7/12/12,11,9,9,75,78.5,29.91,29.99,6.4,12.5
7/13/12,11,9,9,76.5,79,29.89,29.98,6.2,14.9
7/14/12,11,9,9,76.5,80.5,29.92,30.01,6.1,16
7/15/12,11,9,9,75.5,78.5,29.93,30.03,6.1,14
7/16/12,11,9,9,76,79.5,29.93,30.01,4.9,13.6
7/17/12,11,9,9,76,79,29.89,29.98,6,14.3
7/18/12,11,9,9,76.5,80,29.91,30,5.8,16.5
7/19/12,10,9,9,75.75,80,29.94,30.03,6.8,13.5
7/20/12,11,9,9,75.5,78.5,29.95,30.01,5.7,9.2
7/21/12,11,9,9,74,77,29.94,29.99,4.3,6.9
7/22/12,10,9,9,74.25,77.75,29.95,30,6.2,8.1
7/23/12,11,9,9,77.5,79,29.96,30.03,5.6,10.7
7/24/12,11,9,9,75.5,79,29.93,30.01,6.1,14.7
7/25/12,11,9,9,75.5,80,29.91,30,7.1,16.1
7/26/12,11,9,9,74,79.5,29.91,29.98,5.7,13.1
7/27/12,11,9,9,75.5,79,29.93,29.99,5.3,12.7
7/28/12,11,9,9,76,79.5,29.94,30.01,5.8,12.4
7/29/12,11,9,9,76,79.5,29.95,30.02,5.5,12.2
7/30/12,11,9,9,75,79.5,29.93,30.01,6.3,14.6
7/31/12,11,9,9,76.5,81,29.94,30.03,6,15.7
8/1/12,10,9,9,77,81,29.96,30.03,4.9,13.1
8/2/12,10,9,9,76.25,79,29.95,30.02,5.2,11.4
8/3/12,10,9,9,76,80,29.97,30.03,5.4,12.3
8/4/12,10,9,9,77.5,79,29.96,30.03,5.8,12.2
8/5/12,10,9,9,77,79.75,29.96,30.01,6.3,9.7
8/6/12,11,8,8,76.5,79,29.9375,30.01,5.375,12.2
8/7/12,11,9,9,76.5,79,29.91,30.01,6.5,15.4
8/8/12,11,9,9,77,79,29.93,30.03,6.4,16
8/9/12,11,9,9,77,80,29.96,30.06,6.4,14.3
8/10/12,11,9,8,77,79.5,29.96,30.03,6.1,12.65
8/11/12,11,8,8,76.5,79.5,29.9125,29.99,5.6,12.6
8/12/12,11,8,8,77,80.5,29.9025,29.98,6.15,13.225
8/13/12,9,8,8,77,81,29.9325,30.01,8.3,13.65
8/14/12,9,8,8,77,80,29.91,30.01,9.35,14.55
8/15/12,10,8,8,76.5,81,29.895,29.98,8.375,15.475
8/16/12,9,8,8,75,80,29.9125,29.99,7,13.65
8/17/12,10,8,8,77.25,79.75,29.94,30.0125,6.875,13.625
8/18/12,9,8,8,76,79,29.9025,29.9825,6.6,10.7
8/19/12,9,8,8,76,80,29.89,29.96,6.35,13.6
8/20/12,10,7,7,77.5,81,29.92,30,5.9,13.8
8/21/12,9,8,8,76,80,29.9625,30.0425,7.375,11.175
8/22/12,10,8,8,76.5,80.75,29.9725,30.04,7.45,11.725
8/23/12,10,8,8,76.5,80,29.96,30.03,6.175,9.7
8/24/12,10,8,8,76.25,80,29.955,30.03,6.55,8.675
8/25/12,9,8,8,76,80,29.9575,30.0525,8.4,13.15
8/26/12,10,8,8,76.5,79.75,29.9375,30.03,7.6,13.1
8/27/12,10,8,8,75.5,79,29.925,30.01,8.25,11.8
8/28/12,10,8,8,75.5,78.75,29.9175,30.0025,6.375,12.6
8/29/12,10,8,8,74.75,79,29.7975,29.9825,6.325,13.225
8/30/12,10,7,7,75.75,79.75,29.905,29.995,7,12.05
8/31/12,10,8,8,76.5,79.75,29.9475,30.03,5.65,23.9
9/1/12,10,7,7,76.5,80,29.95,30.035,6.2,14.2
9/2/12,10,8,8,75.5,79,29.845,30.03,6.225,16.275
9/3/12,10,8,8,76.25,79.75,29.825,30.0125,7.275,17.025
9/4/12,10,7,7,76.75,80.75,29.945,30.035,7.25,14
9/5/12,10,8,8,75,79,29.8525,30.03,6.35,15.45
9/6/12,10,8,8,75.25,79,29.7875,29.9725,6.1,13.2
9/7/12,10,7,7,75.25,78,29.875,29.96,6.15,8
9/8/12,9,8,8,74,79,29.9325,30.0025,5.475,7.875
9/9/12,10,8,8,75.5,79,29.9675,30.0425,6.925,10.675
9/10/12,9,8,8,75,80,29.9525,30.04,6.95,14.825
9/11/12,10,8,8,76.5,80.75,29.925,30.01,7.675,14.5
9/12/12,9,8,8,75,78,29.9075,29.9925,7.825,13.2
9/13/12,10,8,8,75,80,29.93,30.01,5.875,13.925
9/14/12,10,8,8,76,79.75,29.9375,30.02,6.1,11.775
9/15/12,10,8,8,76.5,79,29.9175,29.9925,7.125,10.575
9/16/12,9,8,8,75,79,29.9375,30.01,7.2,11.85
9/17/12,9,8,8,73,78,29.9,29.98,7.55,11.375
9/18/12,9,8,8,74,79,29.8675,29.9525,6.525,9.65
9/19/12,9,8,8,75,78,29.895,29.9625,5.55,8.05
9/20/12,9,8,8,76,78,29.9175,29.97,4.025,6.625
9/21/12,9,8,8,76,78,29.91,29.98,5.6,8.15
9/22/12,10,8,8,77,79,29.9025,29.98,7.325,13.5
9/23/12,9,8,8,77,80,29.9075,29.9925,7.075,14.425
9/24/12,9,8,8,77,81,29.91,30.01,7.15,12.6
9/25/12,9,8,8,76,80,29.9225,30.0025,7.475,13.75
9/26/12,9,8,8,77,79,29.9225,30.01,6.95,13.55
9/27/12,9,8,8,76,79,29.925,30.0025,7.1,14.15
9/28/12,9,8,8,76,79,29.9,29.965,6.4,13.475
9/29/12,9,8,8,77,79,29.895,29.9625,6.85,9.025
9/30/12,10,7,7,74.25,79,29.91,29.95,5.55,6
10/1/12,9,8,8,73,78,29.86,29.93,3.475,6.125
10/2/12,9,8,8,75,78,29.86,29.9125,3.675,5.525
10/3/12,9,8,8,75,79,29.895,29.9625,5.325,7.875
10/4/12,9,8,8,74,78,29.91,29.98,4.725,7
10/5/12,9,8,8,73,77,29.8675,29.93,3.925,6.35
10/6/12,9,8,8,73,77,29.8175,29.87,4.675,6.15
10/7/12,9,8,8,75,79,29.7975,29.85,5.975,8.7
10/8/12,9,8,8,76,80,29.835,29.9,7.625,10.45
10/9/12,9,8,8,74,79,29.92,29.98,4.925,6.1
10/10/12,9,8,8,75,78,29.945,30.02,5.325,7.45
10/11/12,9,8,8,76,80,29.95,30.0325,6.35,10.725
10/12/12,9,8,8,76,80,29.98,30.06,6.925,12.575
10/13/12,9,8,8,76,81,30.0025,30.09,7.575,13.6
10/14/12,10,8,8,75.75,80.75,29.985,30.0725,6.35,13.55
10/15/12,10,8,8,77.25,79.75,29.95,30.0225,6.6,13.1
10/16/12,10,8,8,75.25,78.75,29.895,29.96,6.325,7.875
10/17/12,10,8,8,74.25,79,29.8525,29.93,5.275,7.775
10/18/12,10,8,8,74.25,78.75,29.875,29.96,6.525,9.5
10/19/12,10,8,8,74.75,79,29.88,29.9625,6.125,12.725
10/20/12,10,8,8,75.25,79.75,29.8525,29.9325,7.275,12.1
10/21/12,10,8,8,73.75,79.75,29.86,29.9425,6.5,12.825
10/22/12,10,8,8,75.25,79.75,29.8675,29.9425,6.025,9.625
10/23/12,10,8,8,74.75,79,29.8425,29.9125,5.075,7.425
10/24/12,10,8,8,76.25,79.75,29.7975,29.8625,3.15,4.75
10/25/12,10,8,8,75.75,79.75,29.8375,29.91,4.175,6.825
10/26/12,9,8,8,76,79,29.9275,29.99,4.05,6.75
10/27/12,9,8,8,74,78,29.93,30.01,5.725,8.6
10/28/12,10,8,8,75.5,79,29.895,29.98,7.375,12.225
10/29/12,10,8,8,74.75,78.75,29.915,30,7.625,13.9
10/30/12,10,8,8,74.5,79,29.95,30.03,6.7,11.375
10/31/12,10,8,8,74.25,77.75,29.9275,30.0025,5.75,8.775
11/1/12,10,8,8,71.5,76,29.895,29.96,4.825,6.925
11/2/12,10,8,8,73,75.75,29.855,29.92,5.2,6.825
11/3/12,10,8,8,75.25,77.5,29.875,29.9325,4.625,7
11/4/12,10,8,8,74,77,29.875,29.95,4.05,6.625
11/5/12,10,8,8,74.25,76,29.84,29.9225,5.425,10.4
11/6/12,10,8,8,76.5,80,29.8225,29.9125,6.45,13.675
11/7/12,10,8,8,75.25,79,29.8725,29.9625,6.425,12.25
11/8/12,10,8,8,75,78.75,29.9525,30.03,6.075,11.325
11/9/12,10,8,8,74.75,79,29.9375,30.04,7.55,13.375
11/10/12,10,8,8,74.25,77.75,29.925,30.01,6.025,14.3
11/11/12,10,8,8,74,78,29.9225,30.01,6.475,14.275
11/12/12,10,8,8,73.75,77.75,29.965,30.0525,6.625,11.725
11/13/12,10,8,8,73.75,77.75,29.975,30.06,7.425,11.275
11/14/12,10,8,8,74.5,78,29.9875,30.0825,6.65,14.875
11/15/12,10,8,8,73.5,76.75,29.9775,30.0725,5.85,14.525
11/16/12,10,8,8,71.75,76.5,29.9575,30.06,5.85,13.35
11/17/12,10,8,8,74,76,29.9525,30.04,6.05,13.1
11/18/12,10,7,7,74.25,77,29.955,30.035,5.15,10.2
11/19/12,10,7,7,72.75,77.75,29.955,30.035,6.45,9.3
11/20/12,10,7,7,71,77,29.905,30.005,4.8,8.6
11/21/12,10,7,7,73.25,75.75,29.855,29.945,3.1,4.3
11/22/12,10,7,7,74,74.75,29.83,29.91,2.55,5.05
11/23/12,10,8,7,74,76,29.86,29.93,4.05,6.6
11/24/12,10,7,7,73,75.75,29.855,29.94,5.1,8.8
11/25/12,10,8,8,72,76,29.8725,29.9525,8.075,12.3
11/26/12,10,8,8,71.5,75.5,29.8025,29.9675,8.5,13.875
11/27/12,10,7,7,72.25,75.75,29.94,30.025,7.3,11.4
11/28/12,10,7,7,70.25,73.5,29.925,30.01,5.3,6.6
11/29/12,9,7,7,71,72,29.92,30,3.45,5.35
11/30/12,11,8,8,70.5,74.5,29.9425,29.995,3.575,5.9
12/1/12,11,8,8,71,74.5,29.9425,29.9925,3.375,5.9
12/2/12,11,8,8,73.5,77,29.89,29.9525,4.85,7.95
12/3/12,11,8,8,76,77.5,29.87,29.93,5.975,7.075
12/4/12,11,8,8,74,76,29.905,29.9625,4.2,4.85
12/5/12,11,9,9,73,77,29.96,30.01,4.4,4.8
12/6/12,11,9,9,73.5,76,29.89,29.94,4.3,6.2
12/7/12,11,9,9,74,77.5,29.87,29.91,4.2,6.7
12/8/12,10,9,9,74,76.75,29.85,29.91,6.1,9.3
12/9/12,11,9,9,73.5,77,29.85,29.93,4.8,11.3
12/10/12,11,9,9,74,77.5,29.9,29.97,6.8,15.6
12/11/12,11,9,9,73.5,77,29.93,30.03,7.1,16.9
12/12/12,11,9,9,73.5,77,29.96,30.06,6.7,17.1
12/13/12,10,9,9,72.5,76,30,30.09,6.1,17.6
12/14/12,10,9,9,73.25,75.75,29.99,30.09,6.7,18.5
12/15/12,10,9,9,72.5,76,29.99,30.09,6.7,15.2
12/16/12,11,9,9,73,76,29.97,30.08,6.6,17.3
12/17/12,11,8,8,72.5,75,29.975,30.07,5.65,17.9
12/18/12,11,9,9,73,75.5,29.95,30.06,8.7,19.1
12/19/12,11,9,9,71,76,29.92,30.01,6.1,15.1
12/20/12,10,9,9,73,74.75,29.91,30.01,7.6,16.4
12/21/12,11,9,9,71.5,75,29.91,30.01,6.2,14.5
12/22/12,11,9,9,71.5,75,29.93,30.01,6.1,8.9
12/23/12,11,9,9,70,73.5,29.93,29.98,4,5.6
12/24/12,11,9,9,70,74.5,29.91,29.96,3,6.2
12/25/12,11,9,9,72.5,75.5,29.94,30.01,4.6,7.4
12/26/12,11,9,9,72.5,76,29.93,30,5.5,11
12/27/12,11,9,9,71.5,75,29.92,29.98,5.5,7.9
12/28/12,11,9,9,70.5,72.5,29.9,29.93,3.4,5.3
12/29/12,11,9,9,71,73,29.91,29.96,3.5,6.8
12/30/12,11,9,9,71.5,74,29.92,29.97,4.3,5.9
12/31/12,11,9,9,71.5,74.5,29.96,30,4.2,6.3